{"train": [0.5648457208162619, 0.45863264799350045, 0.401683925706509, 0.3677138226160474, 0.3449407537764124, 0.3261117962948686, 0.3146766988818679, 0.30285986863040093, 0.2930462238790035, 0.28289421004393955, 0.27429077096302307, 0.26793008160176424, 0.26363952319328116, 0.25910905692349706, 0.25438828386533935, 0.24974766750633867, 0.24637928958782424, 0.2423191905704633, 0.2381052516765955, 0.23385543013960194, 0.23016155096683072, 0.22694321917467403, 0.22339474736150142, 0.22003532237454898, 0.21714346158574466, 0.2141253036940738, 0.21115594454718484, 0.20839115586954238, 0.2056960135787865, 0.20311947444053707], "eval": [0.5145425966270936, 0.3886799704646433, 0.39300718734718676, 0.37572258599275166, 0.38781928644575736, 0.3231640194680398, 0.36628962205963944, 0.3599345432453998, 0.3700230103061544, 0.33031577265124024, 0.39771643265597695, 0.3420605279018494, 0.3636468059862843, 0.3566668383064287, 0.38966056300340873, 0.37642040326035053, 0.43201541618236317, 0.35378162699479254, 0.3801632829531627, 0.3607535349782886, 0.3254215842903577, 0.4030190090945341, 0.37338625301077943, 0.4025294421143161, 0.38783305430443576, 0.37778490410819, 0.40370968070193625, 0.3892949520571894, 0.37731137385077057, 0.41621466290823667]}